Flight No.,Launch site,Payload,Payload mass,Orbit,Customer,Launch outcome,Launch Site,Payload Mass,Launch Outcome,Version Booster,Booster Landing,Date,Time
1,,Dragon Spacecraft Qualification Unit,,LEO,SpaceX,,"CCAFS,SLC-40",,Success,F9 v1.0[7]B0003.1[8],Failure[9][10](parachute),"4 June 2010,18:45",
2,,Dragondemo flight C1(Dragon C101),,LEO(ISS),NASA(COTS)NRO,,"CCAFS,SLC-40",,Success[9],F9 v1.0[7]B0004.1[8],Failure[9][14](parachute),"8 December 2010,15:43[13]",
3,,Dragondemo flight C2+[18](Dragon C102),,LEO(ISS),NASA(COTS),,"CCAFS,SLC-40","525 kg (1,157 lb)[19]",Success[20],F9 v1.0[7]B0005.1[8],No attempt,"22 May 2012,07:44[17]",
4,,SpaceX CRS-1[22](Dragon C103),,LEO(ISS),NASA(CRS),,"CCAFS,SLC-40","4,700 kg (10,400 lb)",Success,F9 v1.0[7]B0006.1[8],No attempt,"8 October 2012,00:35[21]",
5,,SpaceX CRS-2[22](Dragon C104),,LEO(ISS),NASA(CRS),,"CCAFS,SLC-40","4,877 kg (10,752 lb)",Success,F9 v1.0[7]B0007.1[8],No attempt,"1 March 2013,15:10",
6,,CASSIOPE[22][31],,Polar orbitLEO,MDA,,"VAFB,SLC-4E","500 kg (1,100 lb)",Success[30],F9 v1.1[7]B1003[8],Uncontrolled(ocean)[d],"29 September 2013,16:00[30]",
7,,SES-8[22][35][36],,GTO,SES,,"CCAFS,SLC-40","3,170 kg (6,990 lb)",Success[37],F9 v1.1B1004,No attempt[38],"3 December 2013,22:41[34]",
8,,Thaicom 6[22],,GTO,Thaicom,,"CCAFS,SLC-40","3,325 kg (7,330 lb)",Success[42],F9 v1.1,No attempt[43],"6 January 2014,22:06[41]",
9,,SpaceX CRS-3[22](Dragon C105),,LEO(ISS),NASA(CRS),,"Cape Canaveral,LC-40","2,296 kg (5,062 lb)[45]",Success,F9 v1.1,Controlled(ocean)[d][46],"18 April 2014,19:25[21]",
10,,Orbcomm-OG2-1(6 satellites)[22],,LEO,Orbcomm,,"Cape Canaveral,LC-40","1,316 kg (2,901 lb)",Success[51],F9 v1.1,Controlled(ocean)[d][46],"14 July 2014,15:15",
11,,AsiaSat 8[22][54][55],,GTO,AsiaSat,,"Cape Canaveral,LC-40","4,535 kg (9,998 lb)",Success[56],F9 v1.1,No attempt[57],"5 August 2014,08:00",
12,,AsiaSat 6[22][54][58],,GTO,AsiaSat,,"Cape Canaveral,LC-40","4,428 kg (9,762 lb)",Success[59],F9 v1.1B1011[8],No attempt,"7 September 2014,05:00",
13,,SpaceX CRS-4[22](DragonC106.1),,LEO(ISS),NASA(CRS),,"Cape Canaveral,LC-40","2,216 kg (4,885 lb)[62]",Success[63],F9 v1.1B1010[8],Uncontrolled(ocean)[d][64],"21 September 2014,05:52[21]",
14,,SpaceX CRS-5[68](Dragon C107),,LEO(ISS),NASA(CRS),,"Cape Canaveral,LC-40","2,395 kg (5,280 lb)[69]",Success[70],F9 v1.1B1012[8],Failure(drone ship),"10 January 2015,09:47[67]",
15,,DSCOVR[68][73],,HEO(Sun–Earth L1insertion),USAFNASANOAA,,"Cape Canaveral,LC-40","570 kg (1,260 lb)",Success,F9 v1.1B1013[8],Controlled(ocean)[d],"11 February 2015,23:03[72]",
16,,ABS-3AEutelsat 115 West B[68],,GTO,ABSEutelsat,,"Cape Canaveral,LC-40","4,159 kg (9,169 lb)",Success,F9 v1.1B1014[8],No attempt[77],"2 March 2015,03:50[21][76]",
17,,SpaceX CRS-6[68](DragonC108.1),,LEO(ISS),NASA(CRS),,"Cape Canaveral,LC-40","1,898 kg (4,184 lb)[82]",Success,F9 v1.1B1015[8],Failure[83](drone ship),"14 April 2015,20:10[21]",
18,,TürkmenÄlem 52°E / MonacoSAT[68][87],,GTO,Turkmenistan NationalSpace Agency[88],,"Cape Canaveral,LC-40","4,707 kg (10,377 lb)",Success,F9 v1.1B1016[8],No attempt[89],"27 April 2015,23:03[86]",
19,,SpaceX CRS-7[68](Dragon C109),,LEO(ISS),NASA(CRS),,"Cape Canaveral,LC-40","1,952 kg (4,303 lb)[92]",Failure[93](in flight),F9 v1.1B1018[8],Precluded[94](drone ship),"28 June 2015,14:21[21][91]",
20,,Orbcomm-OG2-2(11 satellites)[22][97],,LEO,Orbcomm,,"Cape Canaveral,LC-40","2,034 kg (4,484 lb)",Success,F9 FTB1019.1[98],Success[99](ground pad),"22 December 2015,01:29[97]",
21,,Jason-3[68][104],,LEO,NASA(LSP)NOAACNES,,"VAFB,SLC-4E","553 kg (1,219 lb)",Success,F9 v1.1B1017[8],Failure(drone ship),"17 January 2016,18:42[21]",
22,,SES-9[68][109][110],,GTO,SES,,"Cape Canaveral,LC-40","5,271 kg (11,621 lb)",Success,F9 FTB1020.1[108],Failure(drone ship),"4 March 2016,23:35[21]",
23,,SpaceX CRS-8[68][110](Dragon C110.1),,LEO(ISS),NASA(CRS),,"Cape Canaveral,LC-40","3,136 kg (6,914 lb)[116]",Success[117],F9 FTB1021.1[115],Success[118](drone ship),"8 April 2016,20:43[21]",
24,,JCSAT-14[123],,GTO,SKY Perfect JSAT Group,,"Cape Canaveral,LC-40","4,696 kg (10,353 lb)[124]",Success,F9 FTB1022.1[122],Success(drone ship),"6 May 2016,05:21[21]",
25,,Thaicom 8[130][131],,GTO,Thaicom,,"Cape Canaveral,LC-40","3,100 kg (6,800 lb)[132]",Success,F9 FTB1023.1[129],Success[133](drone ship),"27 May 2016,21:39[128]",
26,,ABS-2AEutelsat 117 West B[68],,GTO,ABSEutelsat,,"Cape Canaveral,LC-40","3,600 kg (7,900 lb)",Success,F9 FTB1024.1[108],Failure[64](drone ship),"15 June 2016,14:29[21]",
27,,SpaceX CRS-9[68][141](Dragon C111.1),,LEO(ISS),NASA(CRS),,"Cape Canaveral,LC-40","2,257 kg (4,976 lb)[142]",Success,F9 FTB1025.1[129],Success(ground pad),"18 July 2016,04:45[21]",
28,,JCSAT-16,,GTO,SKY Perfect JSAT Group,,"Cape Canaveral,LC-40","4,600 kg (10,100 lb)",Success,F9 FTB1026.1[108],Success(drone ship),"14 August 2016,05:26",
N/A[e],,Amos-6[146],,GTO,Spacecom,,"Cape Canaveral,LC-40","5,500 kg (12,100 lb)",Precluded(failure pre-flight),F9 FTB1028.1[108],Precluded(drone ship),"3 September 2016,07:00(planned)[145]",
29,,Iridium NEXT-1(10 satellites)[152][153],,PolarLEO,Iridium Communications,,"VAFB,SLC-4E","9,600 kg (21,200 lb)",Success,F9 FTB1029.1[151],Success[154](drone ship),"14 January 2017,17:54",
30,,SpaceX CRS-10[141](Dragon C112.1),,LEO(ISS),NASA(CRS),,"KSC,LC-39A","2,490 kg (5,490 lb)[160]",Success,F9 FTB1031.1[8],Success(ground pad),"19 February 2017,14:39",
31,,EchoStar 23,,GTO,EchoStar,,"KSC,LC-39A","5,600 kg (12,300 lb)[164]",Success,F9 FTB1030.1[163],No attempt[165],"16 March 2017,06:00",
32,,SES-10[109][168],,GTO,SES,,"KSC,LC-39A","5,300 kg (11,700 lb)[169]",Success[170],F9 FT♺B1021.2[115],Success(drone ship),"30 March 2017,22:27",
33,,NROL-76[174],,LEO[175],NRO,,"KSC,LC-39A",Classified,Success,F9 FTB1032.1[129],Success(ground pad),"1 May 2017,11:15",
34,,Inmarsat-5 F4[180],,GTO,Inmarsat,,"KSC,LC-39A","6,070 kg (13,380 lb)[181]",Success,F9 FTB1034.1[179],No attempt[165],"15 May 2017,23:21",
35,,SpaceX CRS-11[141](Dragon C106.2 ♺),,LEO(ISS),NASA(CRS),,"KSC,LC-39A","2,708 kg (5,970 lb)[186]",Success,F9 FTB1035.1[185],Success(ground pad),"3 June 2017,21:07",
36,,BulgariaSat-1[196],,GTO,Bulsatcom,,"KSC,LC-39A","3,669 kg (8,089 lb)[197]",Success,F9 FT♺B1029.2[195],Success(drone ship),"23 June 2017,19:10",
37,,Iridium NEXT-2(10 satellites),,LEO,Iridium Communications,,"VAFB,SLC-4E","9,600 kg (21,200 lb)",Success,F9 FTB1036.1[198],Success(drone ship),"25 June 2017,20:25",
38,,Intelsat 35e[201],,GTO,Intelsat,,"KSC,LC-39A","6,761 kg (14,905 lb)[202]",Success,F9 FTB1037.1[200],No attempt[165],"5 July 2017,23:38",
39,,SpaceX CRS-12[141](Dragon C113.1),,LEO(ISS),NASA(CRS),,"KSC,LC-39A","3,310 kg (7,300 lb)",Success,F9 B4B1039.1[207],Success(ground pad),"14 August 2017,16:31",
40,,Formosat-5[210][211],,SSO,NSPO,,"VAFB,SLC-4E","475 kg (1,047 lb)[212]",Success,F9 FTB1038.1[209],Success(drone ship),"24 August 2017,18:51",
41,,Boeing X-37BOTV-5,,LEO,USAF,,"KSC,LC-39A","4,990 kg (11,000 lb)[216]+ OTV payload",Success,F9 B4B1040.1[108],Success(ground pad),"7 September 2017,14:00[215]",
42,,Iridium NEXT-3(10 satellites)[152],,PolarLEO,Iridium Communications,,"VAFB,SLC-4E","9,600 kg (21,200 lb)",Success,F9 B4B1041.1[219],Success(drone ship),"9 October 2017,12:37",
43,,SES-11/EchoStar 105,,GTO,SES S.A.EchoStar,,"KSC,LC-39A","5,200 kg (11,500 lb)",Success,F9 FT♺B1031.2[220],Success(drone ship),"11 October 2017,22:53:00",
44,,Koreasat 5A[222],,GTO,KT Corporation,,"KSC,LC-39A","3,500 kg (7,700 lb)",Success,F9 B4B1042.1[219],Success(drone ship),"30 October 2017,19:34",
45,,SpaceX CRS-13[141](Dragon C108.2 ♺),,LEO(ISS),NASA(CRS),,"Cape Canaveral,SLC-40","2,205 kg (4,861 lb)",Success,F9 FT♺B1035.2[227],Success(ground pad),"15 December 2017,15:36[226]",
46,,Iridium NEXT-4(10 satellites)[152],,PolarLEO,Iridium Communications,,"VAFB,SLC-4E","9,600 kg (21,200 lb)",Success[230],F9 FT♺B1036.2[227],Controlled(ocean)[d][230],"23 December 2017,01:27[229]",
47,,Zuma[238][239][240],,LEO,Northrop Grumman[f][238],,"CCAFS,SLC-40",Classified,Success[241],F9 B4B1043.1[238],Success(ground pad),"8 January 2018,01:00[237]",
48,,GovSat-1(SES-16)[246],,GTO,SES,,"CCAFS,SLC-40","4,230 kg (9,330 lb)[247]",Success[248],F9 FT♺B1032.2[245],Controlled(ocean)[d][248],"31 January 2018,21:25[244]",
FH 1,,Elon Musk's Tesla Roadster[254][255],,Heliocentric0.99–1.67 AU[256](close toMars transfer orbit),SpaceX,,"KSC,LC-39A","~1,250 kg (2,760 lb)[256]",Success[257],Falcon HeavyB1033.1(core)[129],Failure[257](drone ship),"6 February 2018,20:45[253]",
49,,Paz[269]Tintin A and Tintin B[270],,SSO,HisdesatexactEarthSpaceX,,"VAFB,SLC-4E","2,150 kg (4,740 lb)",Success[271],F9 FT♺B1038.2[268],No attempt[271],"22 February 2018,14:17[267]",
50,,Hispasat 30W-6[277]PODSat[278],,GTO,Hispasat[277]NovaWurks,,"CCAFS,SLC-40","6,092 kg (13,431 lb)[279]",Success[280],F9 B4B1044.1[108],No attempt[281],"6 March 2018,05:33[276]",
51,,Iridium NEXT-5(10 satellites)[152],,PolarLEO,Iridium Communications,,"VAFB,SLC-4E","9,600 kg (21,200 lb)",Success[286],F9 B4♺B1041.2[268],No attempt[287],"30 March 2018,14:14[285]",
52,,SpaceX CRS-14[141](Dragon C110.2 ♺),,LEO(ISS),NASA(CRS),,"CCAFS,SLC-40","2,647 kg (5,836 lb)[292]",Success[293],F9 B4♺B1039.2[292],No attempt[294],"2 April 2018,20:30[291]",
53,,Transiting Exoplanet Survey Satellite(TESS)[304],,HEOforP/2 orbit,NASA(LSP),,"CCAFS,SLC-40",362 kg (798 lb)[305],Success[306],F9 B4B1045.1[268],Success[306](drone ship),"18 April 2018,22:51[303]",
54,,Bangabandhu-1[312][313],,GTO,Thales-Alenia/BTRC,,"KSC,LC-39A","3,600 kg (7,900 lb)[314]",Success[315],F9 B5[311]B1046.1[268],Success[315](drone ship),"11 May 2018,20:14[310]",
55,,Iridium NEXT-6(5 satellites)[152][155]GRACE-FO× 2[323][324],,PolarLEO,Iridium CommunicationsGFZ•NASA,,"VAFB,SLC-4E","6,460 kg (14,240 lb)[g]",Success[327],F9 B4♺B1043.2[322],No attempt[165],"22 May 2018,19:47[321]",
56,,SES-12[331],,GTO,SES,,"CCAFS,SLC-40","5,384 kg (11,870 lb)[332]",Success[333],F9 B4♺B1040.2[268],No attempt[165],"4 June 2018,04:45[330]",
57,,SpaceX CRS-15(Dragon C111.2 ♺),,LEO(ISS),NASA(CRS),,"CCAFS,SLC-40","2,697 kg (5,946 lb)[337]",Success[338],F9 B4♺B1045.2[336],No attempt[165],"29 June 2018,09:42[335]",
58,,Telstar 19V[341],,GTO[343],Telesat,,"CCAFS,SLC-40","7,075 kg (15,598 lb)[342]",Success[344],F9 B5B1047.1,Success[344](drone ship),"22 July 2018,05:50[340]",
59,,Iridium NEXT-7(10 satellites)[152],,PolarLEO,Iridium Communications,,"VAFB,SLC-4E","9,600 kg (21,200 lb)",Success[351],F9 B5[349]B1048.1[350],Success[352](drone ship),"25 July 2018,11:39[348]",
60,,Merah Putih(formerly Telkom 4)[355][356],,GTO,Telkom Indonesia,,"CCAFS,SLC-40","5,800 kg (12,800 lb)[357]",Success[358],F9 B5♺B1046.2[354],Success[358](drone ship),"7 August 2018,05:18[353]",
61,,Telstar 18V/Apstar-5C[341],,GTO[361],Telesat,,"CCAFS,SLC-40","7,060 kg (15,560 lb)[361]",Success[361],F9 B5B1049.1[268],Success[361](drone ship),"10 September 2018,04:45[361]",
62,,SAOCOM 1A[365][366],,SSO,CONAE,,"VAFB,SLC-4E","3,000 kg (6,600 lb)[363]",Success[363],F9 B5♺B1048.2[364],Success[363](ground pad),"8 October 2018,02:22[363]",
63,,Es'hail 2[368],,GTO,Es'hailSat,,"KSC,LC-39A","5,300 kg (11,700 lb)[369]",Success[370],F9 B5♺B1047.2[268],Success[370](drone ship),"15 November 2018,20:46[367]",
64,,SSO-A(SmallSat Express),,SSO,Spaceflight Industries,,"VAFB,SLC-4E","~4,000 kg (8,800 lb)[372]",Success[373],F9 B5♺B1046.3[268]SHERPA,Success[373](drone ship),"3 December 2018,18:34:05",
65,,SpaceX CRS-16(Dragon C112.2♺ ),,LEO(ISS),NASA(CRS),,"CCAFS,SLC-40","2,500 kg (5,500 lb)[382]",Success,F9 B5B1050[268],Failure[383](ground pad),"5 December 2018,18:16",
66,,GPS III-01(Vespucci),,MEO,USAF,,"CCAFS,SLC-40","4,400 kg (9,700 lb)[388]",Success[386],F9 B5B1054[387],No attempt[386],"23 December 2018,13:51[386]",
67,,Iridium NEXT-8(10 satellites)[152],,PolarLEO,Iridium Communications,,"VAFB,SLC-4E","9,600 kg (21,200 lb)",Success,F9 B5♺B1049.2[397],Success(drone ship),"11 January 2019,15:31[396]",
68,,Nusantara Satu(PSN-6)[400]BeresheetMoon lander[401]S5[402],,GTO,PSNSpaceIL/IAIAir Force Research,,"CCAFS,SLC-40","4,850 kg (10,690 lb)[403]",Success,F9 B5♺B1048.3[399],Success(drone ship),"22 February 2019,01:45[398]",
69,,Crew Dragon Demo-1[414](Dragon C201),,LEO(ISS),NASA(CCD),,"KSC,LC-39A","12,055 kg (26,577 lb)[415][h]",Success,F9 B5B1051.1[268][413],Success(drone ship),"2 March 2019,07:49[412]",
FH 2,,Arabsat-6A[422],,GTO,Arabsat,,"KSC,LC-39A","6,465 kg (14,253 lb)[423]",Success,Falcon HeavyB1055 core[421],Success[i](drone ship),"11 April 2019,22:35[421]",
70,,SpaceX CRS-17[141](Dragon C113.2 ♺),,LEO(ISS),NASA(CRS),,"CCAFS,SLC-40","2,495 kg (5,501 lb)[432]",Success,F9 B5B1056.1[420],Success(drone ship),"4 May 2019,06:48",
71,,Starlinkv0.9(60 satellites),,LEO,SpaceX,,"CCAFS,SLC-40","13,620 kg (30,030 lb)[5]",Success,F9 B5♺B1049.3[434],Success(drone ship),"24 May 2019,02:30",
72,,RADARSAT Constellation(3 satellites),,SSO,Canadian Space Agency(CSA),,"VAFB,SLC-4E","4,200 kg (9,300 lb)[443]",Success,F9 B5♺B1051.2[420],Success(ground pad),"12 June 2019,14:17",
FH 3,,Space Test ProgramFlight 2 (STP-2),,LEO/MEO,USAF,,"KSC,LC-39A","3,700 kg (8,200 lb)",Success,Falcon HeavyB1057 core[420],Failure(drone ship),"25 June 2019,06:30[449]",
73,,SpaceX CRS-18[141](Dragon C108.3 ♺),,LEO(ISS),NASA(CRS),,CCAFSSLC-40,"2,268 kg (5,000 lb)[464]",Success,F9 B5♺B1056.2[465],Success(ground pad),"25 July 2019,22:01[464]",
74,,AMOS-17[473],,GTO,Spacecom,,"CCAFS,SLC-40","6,500 kg (14,300 lb)[474]",Success,F9 B5♺B1047.3[472],No attempt[474],"6 August 2019,23:23[471]",
75,,Starlink1 v1.0 (60 satellites),,LEO,SpaceX,,"CCAFS,SLC-40","15,600 kg (34,400 lb)[5]",Success,F9 B5♺B1048.4,Success(drone ship),"11 November 2019,14:56[479]",
76,,SpaceX CRS-19[483](Dragon C106.3 ♺),,LEO(ISS),NASA(CRS),,"CCAFS,SLC-40","2,617 kg (5,769 lb)",Success,F9 B5B1059.1[482],Success(drone ship),"5 December 2019,17:29[481]",
77,,JCSat-18/Kacific 1[487],,GTO,Sky Perfect JSATKacific 1,,"CCAFS,SLC-40","6,956 kg (15,335 lb)[486]",Success,F9 B5♺B1056.3[482],Success(drone ship),"17 December 2019,00:10[486]",
78,,Starlink2 v1.0 (60 satellites),,LEO,SpaceX,,"CCAFS,SLC-40","15,600 kg (34,400 lb)[5]",Success,F9 B5♺B1049.4,Success(drone ship),"7 January 2020,02:19:21[492]",
79,,Crew Dragon in-flight abort test[495](Dragon C205.1),,Sub-orbital[496],NASA(CTS)[497],,"KSC,LC-39A","12,050 kg (26,570 lb)",Success,F9 B5♺B1046.4,No attempt,"19 January 2020,15:30[494]",
80,,Starlink3 v1.0 (60 satellites),,LEO,SpaceX,,"CCAFS,SLC-40","15,600 kg (34,400 lb)[5]",Success,F9 B5♺B1051.3,Success(drone ship),"29 January 2020,14:07[501]",
81,,Starlink4 v1.0 (60 satellites),,LEO,SpaceX,,"CCAFS,SLC-40","15,600 kg (34,400 lb)[5]",Success,F9 B5♺B1056.4,Failure(drone ship),"17 February 2020,15:05[503]",
82,,SpaceX CRS-20(Dragon C112.3 ♺),,LEO(ISS),NASA(CRS),,"CCAFS,SLC-40","1,977 kg (4,359 lb)[507]",Success,F9 B5♺B1059.2,Success(ground pad),"7 March 2020,04:50[506]",
83,,Starlink5 v1.0 (60 satellites),,LEO,SpaceX,,"KSC,LC-39A","15,600 kg (34,400 lb)[5]",Success,F9 B5♺B1048.5,Failure(drone ship),"18 March 2020,12:16[510]",
84,,Starlink6 v1.0 (60 satellites),,LEO,SpaceX,,"KSC,LC-39A","15,600 kg (34,400 lb)[5]",Success,F9 B5♺B1051.4,Success(drone ship),"22 April 2020,19:30[514]",
85,,Crew Dragon Demo-2[414](Crew Dragon C206.1Endeavour),,LEO(ISS),NASA(CCDev),,"KSC,LC-39A","12,530 kg (27,620 lb)[519]",Success,F9 B5B1058.1[518],Success(drone ship),"30 May 2020,19:22[517]",
86,,Starlink7 v1.0 (60 satellites),,LEO,SpaceX,,"CCAFS,SLC-40","15,600 kg (34,400 lb)[5]",Success,F9 B5♺B1049.5,Success(drone ship),"4 June 2020,01:25[521]",
87,,"Starlink8 v1.0 (58 satellites),[524][525]SkySats-16, -17, -18",,LEO,SpaceXPlanet Labs,,"CCAFS,SLC-40","15,410 kg (33,970 lb)[523]",Success,F9 B5♺B1059.3,Success(drone ship),"13 June 2020,09:21[523]",
88,,GPS III-03(Matthew Henson),,MEO,U.S. Space Force[530],,"CCAFS,SLC-40","4,311 kg (9,504 lb)[530]",Success,F9 B5B1060.1,Success(drone ship),"30 June 2020,20:10:46[529]",
89,,ANASIS-II,,GTO,Republic of Korea Army,,"CCAFS,SLC-40","5,000–6,000 kg (11,000–13,000 lb)",Success,F9 B5♺B1058.2[544],Success(drone ship),"20 July 2020,21:30[543]",
90,,"Starlink9 v1.0 (57 Satellites),[524]SXRS-1 (BlackSky Global 7 and 8)",,LEO,SpaceXSpaceflight Industries(BlackSky),,"KSC,LC-39A","14,932 kg (32,919 lb)",Success,F9 B5♺B1051.5,Success(drone ship),"7 August 2020,05:12[549]",
91,,"Starlink10 v1.0 (58 satellites)SkySat-19, -20, -21",,LEO,SpaceXPlanet Labs,,"CCAFS,SLC-40","~15,440 kg (34,040 lb)",Success,F9 B5♺B1049.6[544],Success(drone ship),18 August 202014:31[553],
92,,SAOCOM 1B[556]GNOMES 1[556]Tyvak-0172[557],,SSO,CONAEPlanetIQTyvak,,"CCAFS,SLC-40","3,130 kg (6,900 lb)[558]",Success,F9 B5♺B1059.4,Success(ground pad),30 August 202023:18[555],
93,,Starlink11 v1.0 (60 satellites),,LEO,SpaceX,,"KSC,LC-39A","15,600 kg (34,400 lb)[5]",Success,F9 B5♺B1060.2[563],Success(drone ship),3 September 202012:46:14[562],
94,,Starlink12 v1.0 (60 satellites),,LEO,SpaceX,,"KSC,LC-39A","15,600 kg (34,400 lb)[5]",Success,F9 B5♺B1058.3[565],Success(drone ship),6 October 202011:29:34[564],
95,,Starlink13 v1.0 (60 satellites),,LEO,SpaceX,,"KSC,LC-39A","15,600 kg (34,400 lb)[5]",Success,F9 B5♺B1051.6[568],Success(drone ship),18 October 202012:25:57[567],
96,,Starlink14 v1.0 (60 satellites),,LEO,SpaceX,,"CCAFS,SLC-40","15,600 kg (34,400 lb)",Success,F9 B5♺B1060.3,Success(drone ship),24 October 202015:31:34[570],
97,,GPS III-04(Sacagawea)[541][573],,MEO,USSF,,"CCAFS,SLC-40","4,311 kg (9,504 lb)",Success,F9 B5B1062.1,Success(drone ship),5 November 202023:24:23[572],
98,,Crew-1(Crew Dragon C207.1Resilience),,LEO(ISS),NASA(CCP)[497],,"KSC,LC-39A","~12,500 kg (27,600 lb)",Success,F9 B5B1061.1[582],Success(drone ship),16 November 202000:27[581],
99,,Sentinel-6 Michael Freilich (Jason-CS A),,LEO,NASA/NOAA/ESA/EUMETSAT,,"VAFB,SLC-4E","1,192 kg (2,628 lb)",Success,F9 B5B1063.1,Success(ground pad),21 November 202017:17:08[587],
100,,Starlink15 v1.0 (60 satellites),,LEO,SpaceX,,"CCAFS,SLC-40","15,600 kg (34,400 lb)",Success,F9 B5 ♺B1049.7[590],Success(drone ship),25 November 202002:13[589],
101,,SpaceX CRS-21(Dragon C208.1),,LEO(ISS),NASA(CRS),,"KSC,LC-39A","2,972 kg (6,552 lb)",Success,F9 B5 ♺B1058.4[592],Success(drone ship),6 December 202016:17:08[591],
102,,SXM-7,,GTO,Sirius XM,,"CCSFS,SLC-40[597]","7,000 kg (15,000 lb)",Success,F9 B5 ♺B1051.7,Success(drone ship),13 December 202017:30:00[596],
103,,NROL-108,,LEO,NRO,,"KSC,LC-39A",Classified,Success,F9 B5 ♺B1059.5,Success(ground pad),19 December 202014:00:00[602],
104,,Türksat 5A[605],,GTO,Türksat,,"CCSFS,SLC-40","3,500 kg (7,700 lb)",Success,F9 B5♺B1060.4,Success(drone ship),8 January 202102:15[604],
105,,Starlink16 v1.0 (60 satellites),,LEO,SpaceX,,"KSC,LC-39A","15,600 kg (34,400 lb)",Success,F9 B5♺B1051.8[609],Success(drone ship),20 January 202113:02[608],
106,,Transporter-1(143 smallsat rideshare),,SSO,Various,,"CCSFS,SLC-40","~5,000 kg (11,000 lb)",Success,F9 B5♺B1058.5[613],Success(drone ship),24 January 202115:00[612],
107,,Starlink18 v1.0 (60 satellites),,LEO,SpaceX,,"CCSFS,SLC-40","15,600 kg (34,400 lb)",Success,F9 B5 ♺B1060.5[624],Success(drone ship),4 February 202106:19[623],
108,,Starlink19 v1.0 (60 satellites)[627],,LEO,SpaceX,,"CCSFS,SLC-40","15,600 kg (34,400 lb)",Success,F9 B5 ♺B1059.6,Failure(drone ship),16 February 202103:59:37[626],
109,,Starlink17 v1.0 (60 satellites),,LEO,SpaceX,,"KSC,LC-39A","15,600 kg (34,400 lb)",Success,F9 B5 ♺B1049.8[634],Success(drone ship),4 March 202108:24[633],
110,,Starlink20 v1.0 (60 satellites),,LEO,SpaceX,,"CCSFS,SLC-40","15,600 kg (34,400 lb)",Success,F9 B5 ♺B1058.6[638],Success(drone ship),11 March 202108:13:29[637],
111,,Starlink21 v1.0 (60 satellites),,LEO,SpaceX,,"KSC,LC-39A","15,600 kg (34,400 lb)",Success,F9 B5 ♺B1051.9,Success(drone ship),14 March 202110:01[640],
112,,Starlink22 v1.0 (60 satellites),,LEO,SpaceX,,"CCSFS,SLC-40","15,600 kg (34,400 lb)",Success,F9 B5♺B1060.6[643],Success(drone ship),24 March 202108:28[642],
113,,Starlink23 v1.0 (60 satellites),,LEO,SpaceX,,"CCSFS,SLC-40","15,600 kg (34,400 lb)",Success,F9 B5 ♺B1058.7,Success(drone ship),7 April 202116:34,
114,,Crew-2(Crew Dragon C206.2Endeavour♺),,LEO(ISS),NASA(CTS)[497],,"KSC,LC-39A","~13,000 kg (29,000 lb)[648]",Success,F9 B5♺B1061.2[647],Success(drone ship),23 April 20219:49[646],
115,,Starlink24 v1.0 (60 satellites),,LEO,SpaceX,,"CCSFS,SLC-40","15,600 kg (34,400 lb)",Success,F9 B5♺B1060.7[652],Success(drone ship),29 April 202103:44[651],
116,,Starlink25 v1.0 (60 satellites),,LEO,SpaceX,,"KSC,LC-39A","15,600 kg (34,400 lb)",Success,F9 B5♺B1049.9[655],Success(drone ship),4 May 202119:01[654],
117,,Starlink27 v1.0 (60 satellites),,LEO,SpaceX,,"CCSFS,SLC-40","15,600 kg (34,400 lb)",Success,F9 B5♺B1051.10[657],Success(drone ship),9 May 202106:42[656],
118,,Starlink26 v1.0 (52 Satellites)Capella-6 &Tyvak-0130[662],,LEO,SpaceXCapella SpaceandTyvak,,"KSC,LC-39A[661]","~14,000 kg (31,000 lb)",Success,F9 B5♺B1058.8[660],Success(drone ship),15 May 202122:56[659],
119,,Starlink28 v1.0 (60 Satellites)[665],,LEO,SpaceX,,"CCSFS,SLC-40[665]","15,600 kg (34,400 lb)",Success,F9 B5♺B1063.2[665],Success(drone ship),26 May 202118:59[664],
120,,SpaceX CRS-22(Dragon C209.1),,LEO(ISS),NASA(CRS),,"KSC,LC-39A","3,328 kg (7,337 lb)",Success,F9 B5B1067.1[668],Success(drone ship),3 June 202117:29[667],
121,,SXM-8[674],,GTO,Sirius XM,,"CCSFS,SLC-40","7,000 kg (15,000 lb)",Success,F9 B5♺B1061.3,Success(drone ship),6 June 202104:26[673],
